'so2_we','no2_we','no2_ae','o3_we','o3_ae','co_we','co_ae','so2_ae','humedad','temperatura'
385.6476135,232.3290863,228.3639221,231.5191803,228.3201904,466.4899292,329.4040222,355.4585876,54.96757507,25.09880066
385.1637268,233.0020142,228.431076,230.6967468,228.0196075,459.8205872,327.2675171,354.4778442,54.99504089,25.05340576
385.8293457,233.0436707,228.4087219,230.9973297,228.2368317,456.7080383,329.3456421,355.1095886,55.09422302,25.01068115
384.957428,232.9842834,228.4404907,230.9884338,228.276413,451.0964661,327.4727478,354.0986633,55.16288757,25.01068115
384.6860657,232.8717957,228.422226,231.3436584,228.2857971,451.6100159,330.2789917,354.9747009,55.22239685,24.9546051
386.0022278,232.3306274,228.1644135,231.3826904,228.1639404,448.6401978,329.9190369,356.1492004,55.28649139,24.91188049
386.6042786,231.8539385,227.8819035,231.5631365,228.072185,444.1037249,331.5967843,357.2492894,55.38523756,24.89547403
384.3752441,232.5727043,228.1282578,231.4392433,228.2667618,437.472229,329.9075089,354.3046341,55.42839813,24.84578323
384.3135071,233.0784378,228.5075188,231.4313164,228.5715904,432.2390366,329.1675415,353.8473053,55.39788055,24.84244537
385.2769104,232.4461823,228.0956543,231.2989624,228.2518188,431.627179,332.1546814,356.4290771,55.39116669,24.85312653
385.1058655,232.708252,228.3582001,231.6613312,228.5425568,425.2773438,330.0176086,353.8507385,55.41008759,24.8130722
386.3459778,232.0853271,228.0289917,232.1832275,228.3852539,424.9497375,331.1930542,356.3763428,55.4161911,24.78369904
385.3913574,232.1572113,228.1258392,231.6879425,228.3561096,422.0960693,332.1774902,355.7507324,55.48332977,24.7703476
383.8548584,232.667099,228.250351,231.3087616,228.4498291,419.0032959,330.3482971,354.5699768,55.4161911,24.72762299
385.7736206,231.6082153,227.7149506,231.9264526,228.3019257,420.2090759,333.568634,357.891449,55.44670868,24.75699615
386.947052,231.239502,227.6024628,231.8957367,228.3727875,419.0741577,334.8926392,357.8945313,55.4665451,24.74364471
384.9228036,231.9392591,227.8883166,232.0060032,228.4967455,413.4165911,332.3423854,356.1750357,55.5245285,24.7085495
385.1768494,231.7626984,227.8618134,231.5167542,228.2913361,411.9452637,333.18255,356.5322205,55.57701874,24.7009201
382.788147,232.2441711,228.0690918,231.359787,228.7332001,409.5874634,331.9285889,354.0820313,55.53978729,24.68756866
385.9012451,231.4467621,227.6352844,231.9082489,228.4259033,409.9390259,333.7108459,357.2133179,55.61760712,24.68756866
384.7214661,232.4488525,227.9712067,231.8238678,228.9024506,405.2077637,331.4368896,354.56427,55.65270233,24.67154694
385.3423767,231.6165771,227.7128754,231.5717621,228.6477814,405.8374939,332.594696,355.6580505,55.66796494,24.7009201
385.4783325,232.7775116,227.9576569,231.6530304,228.6300354,405.4301453,331.9920959,355.0710754,55.75341415,24.6581955
385.6759949,231.9567719,227.5720398,232.2167938,228.5707794,410.2059143,334.1086853,356.3068298,55.82909775,24.66086578
386.0001678,232.1855621,227.7657166,231.3570633,228.7593498,408.5375366,333.3519669,355.903595,55.80987167,24.68222809
384.5614075,232.6201263,227.8707764,231.1500031,228.8515381,406.7483215,331.6839233,354.5917664,55.78332138,24.71961212
384.3220927,232.8306732,227.9400991,230.5594635,228.9455363,404.2509664,331.2557475,353.346405,55.7213707,24.75610606
385.2736206,232.7170868,227.4993134,231.0790558,229.0993652,404.7947998,333.1972656,354.2861328,55.68627548,24.8130722
383.540802,233.1520233,228.0373535,230.5181122,229.1514282,400.4405823,330.5878906,353.0512085,55.68627548,24.8130722
384.6324768,232.9285583,227.9081573,230.8217773,229.1733246,401.3186951,331.7529907,353.3377686,55.64507294,24.85579681
384.8892212,231.5837402,227.1868134,231.3770142,229.1790466,405.9702454,334.9004517,355.8762817,55.5901413,24.86914825
384.2032776,233.0467834,227.87117,231.0556641,229.3858032,404.9573059,331.1748352,353.1157227,55.62065887,24.91188049
384.5142822,232.539505,227.5743103,231.4978027,229.2290497,411.1724243,332.2358093,353.764801,55.58403778,24.89852905
386.5225525,232.4176178,227.5654602,231.0904999,228.9581757,411.6239929,333.8514404,355.660614,55.51537323,24.91188049
385.8397827,232.7853546,227.7462158,230.532196,229.1405029,411.4297485,333.4775085,355.2866516,55.46196747,24.94125366
383.9740906,233.0613708,227.9946442,230.3597717,229.1201935,406.4744263,330.8962097,352.5845337,55.46501923,24.9546051
385.1642151,232.568161,227.7243195,230.9509277,229.1212158,407.1364441,333.5190735,354.5361328,55.40550995,24.94125366
384.3543091,232.7650146,227.7576599,230.6816406,229.3983002,402.958252,331.8493652,353.1048889,55.40703583,24.9546051
385.3668518,232.195755,227.6378479,230.628006,229.0399475,405.0540771,334.2556458,355.2549744,55.35057831,24.9546051
386.0970581,232.051886,227.5032593,230.8930328,229.1150482,405.2025146,333.8222107,356.5723694,55.34416962,24.95994568
385.2973099,232.5380669,227.5421448,231.1763344,229.1428108,404.8052902,333.7415543,355.5878525,55.29793358,24.97463226
384.8993469,232.6070099,227.5631592,230.6205994,229.257373,403.9057556,333.2366089,354.667981,55.22148132,24.9546051
384.3360748,232.4897614,227.513649,230.9431,229.3946533,402.5085144,332.6210022,354.4582672,55.17967224,24.93991852
384.7053731,232.3316701,227.4241689,231.6526591,229.2078349,401.9752299,333.1742045,354.6851196,55.10999044,24.94481405
385.2204895,232.5712585,227.8102112,231.1576996,228.9712219,400.7920532,332.6811523,355.8955078,55.04386902,24.92523193
384.0522156,232.9733734,227.9544983,230.4363556,229.2519379,399.8576355,332.7087402,354.1622314,54.99961853,24.94125366
385.0345459,232.8467865,227.9269409,230.2926025,229.2248688,399.0467224,332.8748474,354.9585571,54.93400574,24.9546051
384.9407349,232.2551422,227.6982574,230.8041077,228.9732971,400.9488525,334.5514526,355.4725647,54.88822937,24.9546051
383.8282776,233.1530457,228.2492828,230.1217804,229.0883942,399.8999634,331.9722595,352.910553,54.83939743,24.9546051
384.5501099,232.9629364,228.2311096,229.7191467,228.8243408,402.005127,331.4488525,354.004425,54.83024216,24.9546051
384.7126465,233.4650421,228.4868317,229.3477783,229.2071228,401.0238647,330.8233032,353.8283081,54.78446579,24.96795654
384.4826457,233.1233622,228.1382294,230.2974599,229.2252197,407.410085,332.1240336,353.5067647,54.75852585,24.97240702
384.7080078,232.9188232,227.9409943,230.6505686,229.207489,409.0656026,332.5410461,354.0053813,54.71173223,24.96350606
385.3340149,232.8108826,227.8742828,230.1899719,229.4701691,408.6958313,333.3253784,355.1695557,54.6822319,24.96795654
386.3991394,232.3436584,227.7362823,230.2858429,229.0233002,409.7374573,334.1030579,357.5195618,54.5738945,24.9546051
384.090271,232.9790802,227.914978,230.0306091,229.0081787,404.7072754,331.8149414,353.9324341,54.54185104,24.9546051
385.3002014,232.8051147,227.7654724,230.4832153,229.1144409,407.7411194,333.3962402,355.6965942,54.47165298,24.9546051
386.0273132,231.9561615,227.4274445,230.6983185,228.961853,412.1078491,335.0592957,357.9616699,54.48080826,24.92523193
385.0231323,232.68013,227.7930603,230.5519714,229.039444,412.7578125,334.9248962,355.9679565,54.51438522,24.94125366
384.3812561,233.102712,227.7519379,230.3067881,229.1354523,412.5078837,333.1150106,354.5737101,54.43808365,24.95905558
386.0878601,232.6853129,227.6345571,229.9502309,228.9920502,414.4541524,334.9900716,356.8296305,54.43503189,24.94125366
384.4438782,233.3973236,228.0373535,229.7024689,229.1977692,409.6520691,332.1577454,354.3512268,54.43655777,24.9546051
386.8059387,232.2754211,227.492569,230.3878937,228.9608002,412.3308105,335.4937134,357.5518494,54.43655777,24.9546051
385.4376526,233.6270447,228.2706909,229.9509125,229.2748566,408.3666992,332.4858093,354.9226074,54.54185104,24.9546051
383.6412659,233.8384705,228.3368073,230.180069,228.9581909,407.700531,332.1405029,353.8277893,54.5738945,24.9546051
384.3678894,233.7702179,228.5310974,229.3915405,228.9732971,406.432251,332.111908,354.7450256,54.58762741,24.96795654
385.6032715,232.6587524,227.7612915,229.2524872,228.7956848,409.0041809,333.906189,356.4851685,54.54185104,24.96795654
386.1914978,233.0410512,227.6746724,229.5029907,228.7401123,409.9886068,334.7523499,356.9337463,54.52811813,24.97240702
384.1397196,233.5764618,227.8621623,229.9526367,228.9338888,409.7625122,332.0238546,354.5826721,54.51896286,24.96350606
385.8762817,232.4941711,227.4862976,229.9139557,228.9254303,415.6902466,336.1655884,357.7013245,54.47623062,24.98130798
384.2913208,234.0415802,228.1086731,230.0280151,229.042038,411.9902039,331.0285339,353.7283325,54.54642868,24.99732971
384.3392029,233.6514435,228.0180817,229.953476,229.0258789,411.1079102,332.1551208,354.5793457,54.51896286,24.96795654
385.2819824,233.421814,227.8748169,230.3738403,229.1186371,413.1568298,331.9420471,355.4429321,54.49607468,24.9546051
384.1637268,233.9317017,228.0102692,229.6613617,229.3092499,412.0276184,332.7129211,353.9825134,54.4945488,24.94125366
385.7121277,233.1155396,227.7998657,229.4436188,228.8748474,412.1390991,333.8259277,355.9497375,54.44571304,24.94125366
384.0204773,233.8671265,228.381134,229.9764099,228.8045654,407.0629578,329.9868469,353.6065063,54.50370407,24.94125366
385.2808228,233.909317,228.1941528,229.2035217,228.8764343,408.9562683,331.5196533,354.9190369,54.49148941,24.92523193
384.57724,234.0577545,228.6581879,228.3279877,228.8055878,406.3270569,330.4436646,353.6658325,54.45792007,24.94125366
385.0037842,233.6358948,228.4670258,228.7957153,228.8540192,406.3578186,330.7977905,353.3934326,54.4487648,24.9546051
386.8972534,232.2969177,227.7425476,229.0601532,228.6113403,410.7991638,334.5073242,357.9864075,54.33096695,24.95193481
384.8566807,232.7892936,228.0106942,229.2859519,228.7905099,407.4235012,331.9806083,355.9303632,54.15448597,24.94888306
386.3215332,232.1759796,227.6420441,229.5383911,229.0034943,407.5749512,333.2857971,357.7700806,54.04135132,24.94125366
384.9038086,232.8592834,227.8013611,230.136322,228.8399353,403.5947571,330.8066101,355.5767822,54.14816666,24.9546051
384.3434143,232.802475,227.9284668,229.4342499,228.9837341,402.396759,331.2712402,355.5158386,53.9055481,24.9546051
383.9866028,231.9733429,227.5966797,229.6082153,228.8748627,400.8696899,332.7732544,356.1674194,53.85366821,24.91188049
382.5277405,232.6577301,228.0414886,229.8644409,229.1951447,396.9118042,331.1190796,353.3584595,53.74533081,24.89852905
386.5892334,231.4780426,227.3409882,230.0977936,228.9519501,400.2821045,334.1966858,359.2372742,53.6934433,24.92523193
383.8080444,232.6249084,227.9837036,229.5925903,228.9082184,396.0170593,330.792572,355.5423889,53.71633911,24.92523193
383.2737854,232.7584656,227.8522308,229.3463257,228.9819489,395.1751831,330.8683838,355.3202148,53.61470795,24.95193481
384.719162,232.232193,227.7719727,229.6680984,228.9194183,394.1453247,331.8498688,356.2911224,53.57289886,24.9332428
383.6820679,232.8455322,227.9092194,229.8069489,229.075174,391.5662964,329.8392151,354.5803406,53.59578705,24.90386963
384.6309509,232.6874237,227.698822,229.7973022,229.0717163,395.2586975,333.185791,356.8018188,53.6354599,24.92523193
382.6594849,233.1879425,228.0066071,229.5379028,228.9571686,391.5862122,330.2701416,353.6517944,53.6934433,24.92523193
384.0084229,233.1666107,227.6706848,229.5701752,228.9269257,394.2018127,332.3384094,355.6476135,53.75753784,24.89852905
385.6845093,232.8790894,227.6352539,230.0415802,228.8743744,396.3252563,333.3389282,356.7685547,53.79415894,24.89852905
385.2230835,233.0535889,227.8784943,229.4232941,228.7441254,394.8804626,332.4561462,355.5423889,53.79110718,24.88249969
384.2200012,233.7785797,228.3353119,228.4805603,228.9040222,392.2992249,330.1716919,354.5975647,53.76211548,24.92523193
384.993866,233.0389709,228.0910034,227.9477386,228.7571716,393.1321411,331.4061279,355.7038879,53.74838257,24.91188049
384.5756836,233.7207947,228.4367981,227.8675385,228.721756,391.95755,330.4888916,354.3626709,53.74380493,24.94125366
385.1819763,232.8973083,228.2243347,227.3816223,228.5092468,395.5128479,332.0379028,355.875824,53.71786499,24.94125366
384.1163635,233.9421234,228.6441193,227.3399506,228.7149506,393.2107239,329.2482605,353.2897339,53.69954681,24.96795654
386.3403809,233.3086639,228.1950653,227.7098572,228.743689,396.7634827,331.7186523,356.0818909,53.79202271,24.98558044
385.7977905,233.2629445,228.0760752,228.0590871,228.6837107,398.3869324,332.768809,356.6291097,53.86333211,24.9768575
386.9830017,232.9051514,227.7284546,228.7628632,228.6190948,400.5311279,333.6353149,357.9706116,53.94522095,24.98130798
386.4408569,233.2931366,227.7175598,228.6254272,228.6847534,400.0311279,333.1061401,357.1070251,53.93606567,24.99732971
386.8132324,233.1967926,227.896225,228.1482849,228.7983093,400.6384583,332.677002,357.7268677,53.92233276,24.98130798
384.3121643,234.018158,228.3988342,227.6888885,228.5165253,398.2545471,331.4785156,354.6700439,53.91470337,25.02403259
386.1636963,233.5822296,228.3274536,227.4092102,228.8483124,397.084198,331.3180237,355.4143066,53.90402222,25.02403259
385.8481934,233.6450592,228.3204926,227.1860901,228.6973358,398.3137268,330.7932922,355.0528503,53.9180603,25.01602173
385.5582581,234.0779076,228.623558,227.2220802,228.7989197,398.0243301,329.8171768,353.494133,53.9810791,25.04138947
386.0455078,233.6124207,228.4925629,226.911795,228.9026703,400.4998047,331.3713257,354.7694336,53.95223999,25.05981445
386.450765,233.9700877,228.6090495,226.9507039,228.8266042,400.4620463,331.016154,354.6245219,53.9055481,25.0890096
386.1766968,234.109848,228.6191101,226.8643646,228.7212219,400.5514526,330.1024475,353.9220581,53.88723755,25.06942749
388.905426,232.7587738,228.1170197,227.4956818,228.7284851,403.3327637,333.6800842,358.2997742,53.91928101,25.12550354
387.5345459,233.4728241,228.4618378,227.1446381,229.1305695,403.9040833,332.6436462,356.473114,53.91775513,25.1121521
386.3897705,233.2541199,228.3779755,226.6638947,228.8378754,403.428009,331.8222656,356.1445313,53.90402222,25.09880066
388.434021,233.5358582,228.2811127,227.4743042,228.8493347,403.8837585,331.9633789,356.7054749,54.1008606,25.09880066
386.0105896,234.1400757,228.7097321,227.657608,228.7998657,403.1385193,331.3118591,354.0975342,54.16189957,25.12550354
385.1513774,234.2202352,228.4359843,229.0703278,228.8505249,402.3221537,330.8368225,354.5932515,54.30024592,25.11660258
385.1711324,234.4243978,228.3765767,230.2293955,228.7529704,402.1554871,330.4833679,354.4196269,54.53523636,25.09880066
385.8345337,233.5259857,227.8847198,230.4795685,228.7212524,404.5593567,334.9863586,357.7357178,54.65476608,25.09880066
385.4804077,234.1228485,228.3873138,229.7436523,228.766037,401.9483948,331.2618408,355.4491577,54.75547409,25.06942749
386.1173401,233.6322479,228.1066589,229.1024628,228.7144318,402.4265137,331.8831482,356.7528992,54.77073288,25.09880066
384.249115,234.4384918,228.5545502,228.8962097,228.7785034,399.1836853,329.1540222,352.7116699,54.81040573,25.12550354
385.4559631,234.4556732,228.5701904,228.1227417,228.8951721,398.5644531,328.3482056,353.7210083,54.68375778,25.13885498
385.5184021,234.5410919,228.5821381,228.2524261,228.9904938,400.112915,329.8420105,353.6065063,54.64255905,25.16822815
385.4908142,233.9832458,228.4727478,227.883667,228.7113037,400.1149597,329.8331299,353.8319397,54.54185104,25.19760132
387.9533386,233.4467926,228.183197,227.9086914,228.8993378,403.1910706,331.9628601,356.3179932,54.59678268,25.23765564
387.2070313,234.0988922,228.4826813,227.5341949,228.7982788,401.4498901,330.3956909,355.2247314,54.45944595,25.253685
385.9522705,234.4827576,228.9003906,227.4993439,229.0832062,401.4619141,329.5066528,354.1236572,54.49912643,25.29373932
386.2490845,234.4676819,228.7883606,226.8206635,229.1529999,401.079071,329.1544495,353.4731445,54.41214371,25.30976105
389.1203512,233.9242198,228.4194641,227.0013885,228.8257294,404.3245646,331.7688192,357.2427877,54.42536799,25.35070546
388.6498515,234.3669586,228.7864787,226.5746613,228.8878733,404.6923218,331.5535278,355.7587585,54.37043635,25.39877065
389.8747253,233.2155457,228.5509033,226.7436066,228.8862915,406.2119751,333.1217957,358.0368042,54.33432388,25.42191315
386.7496643,235.1067352,229.3956909,226.6399078,229.0347443,403.0744019,329.4612732,353.9117126,54.24429703,25.44861603
387.3075256,235.0067291,229.232132,226.8633575,229.1212158,402.5165405,329.6341858,353.9361267,54.43503189,25.46463776
386.8366089,234.672348,229.5108185,226.8779602,229.1900024,404.6895752,330.4410095,354.7398376,54.17563248,25.52071381
387.3475952,234.6306763,229.2181396,226.519104,229.1519623,402.4983521,329.9836731,354.0664063,54.33584976,25.50736237
389.1356506,233.9811707,229.0769501,226.3961792,228.8972473,405.5869751,332.1186218,356.3565063,54.10696793,25.53406525
387.8537903,233.8582916,229.1681061,226.7310791,229.1420898,406.9827881,331.881134,355.0575867,54.09170532,25.56343842
387.9356079,234.3535767,229.2545471,226.5680542,228.9123383,404.4274902,330.8227539,354.3471069,54.28396988,25.62219238
388.2225298,233.4687565,228.8730905,226.7829285,229.0097722,405.1402849,331.1664298,356.1661857,54.21922902,25.64126587
389.063092,233.3360626,228.8736206,226.4101013,228.9485016,406.0068481,331.5270813,356.4737854,54.1451149,25.6723938
389.7835693,233.4983673,228.9764557,227.8149414,229.1326904,405.9082642,332.5561218,357.7086182,54.2244606,25.69161987
388.8189392,233.5061798,228.9623566,226.2243195,228.8608093,404.6291504,331.3331604,355.4648132,54.07492065,25.70497131
386.9382324,233.9817047,229.1748657,226.6503448,229.0024719,403.5608215,329.4597778,354.6585693,54.01083374,25.73434448
387.6872253,233.2520142,228.9634094,226.2357635,229.3894196,403.3067932,330.2633362,354.0694885,54.06881714,25.73434448
388.1850586,233.5775146,228.8165588,226.0685577,229.146759,402.5400085,330.159729,355.1748047,54.05508423,25.79042053
389.8741455,232.3884735,228.4873505,226.2357025,229.0769348,406.3312073,332.761322,357.3278198,54.05203247,25.77706909
388.4528503,232.8947144,228.6472626,226.7180176,229.0722656,402.3994446,330.1316223,355.4949951,54.12527847,25.80377197
389.4997437,233.0816711,228.5793182,226.2310699,228.8669189,403.6374146,330.5132263,355.9663513,54.04440308,25.84382629
388.2879944,232.8176422,228.5600204,226.4419861,229.02565,402.799118,330.8428192,355.7069702,54.00091553,25.85450745
387.7444641,233.0579651,228.5433868,226.4108704,229.0072479,402.426062,330.4283813,354.4397949,53.91195679,25.87586975
388.1753357,232.7612854,228.4325531,226.364209,229.1522614,402.2664795,331.0936157,355.4916382,53.78439331,25.8865509
390.8496704,232.4155731,228.0701599,226.2945862,228.9800568,403.8576965,331.7040405,357.9148254,53.88723755,25.90257263
388.9518127,232.7514801,228.2821655,225.9341736,229.0576324,402.2868958,329.9659729,354.6981201,53.84146118,25.91859436
389.6929016,231.9326935,228.2477875,226.5055542,229.0410004,403.2764587,331.0643921,355.754364,53.80789185,25.91859436
388.363739,232.8384399,228.2206879,226.1899261,228.9587097,401.0113525,329.9628906,354.4315186,54.04135132,25.9319458
388.4976501,232.9249115,228.4165344,226.4643707,229.105072,400.4446716,329.2368469,354.1507568,53.98184204,25.9319458
389.038208,232.9649963,228.2472382,226.3315735,228.7618256,402.7785645,330.6712646,355.7173767,54.00167847,25.97467041
389.7523499,232.3191833,228.0894165,226.6013794,229.2774353,401.5404968,330.3519592,355.8341064,53.99099731,25.98802185
390.8395447,232.4208496,228.0071594,226.2016846,229.0905182,403.2811951,332.3715576,357.8059021,54.01144409,26.00457764
389.5940735,232.1549988,227.8860901,225.8754517,229.1967621,402.5518372,331.2427734,356.5919006,53.90768433,26.01739502
388.5121948,232.8622162,228.1457886,225.8148163,229.0651733,401.1102661,330.1627625,355.2384949,53.93515015,26.01739502
389.1801392,232.9653656,228.1370483,225.8768585,229.1787109,400.5727905,330.4335999,355.1700989,53.92050171,26.06439209
391.5664063,231.7030487,227.6029663,226.3123169,228.7128601,403.4920349,333.198761,358.3960876,53.91928101,26.05744934
388.1773071,233.3895264,228.2888947,226.136261,229.2087097,400.570282,328.9165344,354.2189331,54.0062561,26.0894928
390.9049072,232.3847809,227.7660217,225.9300385,228.9170685,402.7628784,331.7388916,357.0247192,54.06576538,26.10284424
388.8580322,233.5733795,228.2591705,226.1607819,229.0977631,401.2988586,329.3935242,355.3330383,54.09628296,26.05744934
390.7111511,231.7582092,227.622757,226.6763916,228.6889038,404.1327209,333.7723083,358.6091003,54.15732193,26.0894928
390.0372009,232.7968781,227.935849,226.3508545,229.0230927,402.4210266,331.0729919,355.904425,54.05050659,26.0894928
390.085968,232.8435699,228.0187836,226.2717041,228.8974579,401.151239,330.2661194,355.8464539,54.08224487,26.0894928
389.3299805,233.1373169,228.102536,226.0091858,228.9352783,399.8549438,329.5960999,354.8561279,54.11886826,26.10551453
388.0031738,233.5130806,228.2888641,226.4185791,228.9738045,398.9953995,328.3764954,353.8824997,54.12413406,26.11619568
388.7869873,233.4292999,228.2846039,225.7628967,228.9590363,399.334137,328.9862244,354.5022034,53.95742874,26.11619568
389.0065308,232.7988739,228.1065979,225.7076416,228.864975,399.625885,329.6732788,354.8074646,54.12527847,26.11619568
390.2819824,232.6426086,227.9211884,226.576416,229.0654602,401.485321,331.4941406,357.2169495,53.97879028,26.13221741
390.7029114,232.5165558,228.0857849,226.1456146,228.9243469,399.7202148,330.4857178,355.7628174,54.08255005,26.13221741
389.4710693,233.4759674,228.2867889,225.8894196,229.021225,398.8670044,329.0144348,355.0007935,54.09628296,26.14556885
389.1783447,233.521286,228.4519196,225.8367767,228.9410248,397.0123291,327.6586609,354.2251892,54.07339478,26.14556885
388.8960571,233.4415894,228.4389343,225.7690735,229.1399536,399.3560791,328.3201599,353.5834961,53.99252319,26.15892029
388.3908691,233.3759766,228.2254028,226.1571045,228.9696198,398.3769226,328.516449,354.0919189,54.20157242,26.15892029
390.2111816,232.8650665,227.9441223,226.7779388,228.987381,399.4196472,330.0878601,356.0976257,54.07339478,26.14556885
388.7466125,233.5462494,228.4534912,226.6112823,228.9779816,398.4831848,328.8488159,354.3543701,54.11154556,26.17494202
390.3903503,233.0160675,228.03685,226.0571289,228.7899628,399.073761,329.8347473,356.3669128,54.1008606,26.17494202
392.0352783,231.9390839,227.6051361,226.5562866,228.8406464,402.3082153,332.1242371,358.4465454,54.01968384,26.13755798
391.8981236,232.1579524,227.8147954,226.5178223,228.6933005,401.0154768,332.4119219,357.6425171,54.20418658,26.15892029
391.5075684,232.9212799,228.034729,226.7737885,228.8722534,399.0962219,330.0310364,356.0991821,54.25802994,26.14556885
391.6716614,232.3868866,227.7331848,226.414444,228.7462006,400.2545471,332.0514221,358.2471619,54.24887466,26.15892029
389.6549377,233.1733704,228.1206665,226.2138824,229.024353,398.9613953,329.6045532,354.996582,54.24887466,26.15892029
387.6991272,233.0129395,228.2294922,226.0149078,228.992569,397.4128723,328.0112915,353.5450439,54.38162613,26.2016449
389.7919006,233.6327515,228.4035034,225.7966919,228.687851,397.1373291,327.9446411,354.8413391,54.2030983,26.17494202
391.1080322,232.8842773,227.9878235,225.3821106,228.9076385,398.758728,330.2393494,356.5163879,54.16189957,26.2016449
392.4487793,231.9545868,227.5378418,227.012854,228.9188385,401.8326782,332.3867126,358.6118347,54.21683121,26.18829346
390.9626465,232.8131378,227.9553589,226.6584656,228.98508,399.1581055,329.7173401,356.0943054,54.24979019,26.18829346
389.7913895,233.4197159,228.3405876,226.2635918,228.9617043,397.8837051,328.8701477,354.6982269,54.22941971,26.18829346
391.8300598,232.4417603,227.8911041,226.4564819,228.8539276,400.9589478,331.4797485,357.4944275,54.21835709,26.20965576
390.618988,232.7019653,227.9664917,225.959198,228.805603,397.8716736,329.3133545,355.9898071,54.25650406,26.2016449
391.7502441,231.9555969,227.7841797,226.3227081,228.6925812,400.4169922,331.3780212,358.5986938,54.24277115,26.18829346
391.0805054,232.7801208,227.8961792,226.21698,228.9431,398.7024841,330.1669922,356.7747192,54.27939224,26.21499634
390.5982056,232.6994019,227.9534912,225.6961365,228.9233093,399.2790527,330.026947,356.1418762,54.21988297,26.2016449
391.6640625,232.5728073,227.7365646,226.2071075,228.8949432,399.1889496,330.9303131,357.2573242,54.25268936,26.2230072
390.2153625,232.8843079,227.9243469,225.6690674,228.7587128,399.2332153,330.8138733,356.4319763,54.18936539,26.23101807
391.1153564,232.5920868,227.8769531,225.9789886,228.9779663,397.0466614,328.9837036,355.8903198,54.25802994,26.21499634
391.4382935,232.5749359,227.9207153,225.9482574,228.9008942,398.4629211,329.8717041,357.1346741,54.24887466,26.24436951
392.9295044,231.6691742,227.6071014,226.113327,228.6722565,401.6327209,332.5384521,359.399231,54.21225357,26.23101807
390.7476501,233.088974,228.1847229,226.2201233,228.9967346,397.7581482,329.300354,355.1017761,54.21072769,26.21499634
393.0516866,231.9084015,227.6330007,226.1239421,228.5684255,401.1993612,332.4073283,358.8990784,54.16800308,26.23546855
391.1232198,232.5653839,227.7826385,226.0006816,228.8017629,398.8750203,330.2899577,356.6368917,54.19038264,26.23546855
388.8392944,232.9488831,228.3040466,226.4602203,228.8263855,396.7810974,328.331604,354.1918945,54.21225357,26.23101807
391.8044739,232.5785675,227.9696503,226.3134003,228.5456848,397.0545349,330.0773926,356.8075256,54.24887466,26.23101807
390.5444946,232.9608765,227.9831848,226.0268707,228.7123413,397.3221741,330.1905212,357.2111816,54.27634048,26.25772095
389.8330688,233.1520233,228.4237976,225.4060669,228.6821442,394.7936096,327.3070984,354.0643005,54.14206314,26.23101807
392.2424927,232.3498993,227.9462128,226.1367645,228.8394775,397.0081177,330.1487427,357.0481873,54.21683121,26.25772095
390.038208,233.4202271,228.1274719,225.7315369,228.8983002,396.0837097,329.0429993,354.9179077,54.21530533,26.24436951
390.1793518,233.2144623,228.1394348,225.8846893,228.8743591,396.1268921,328.7034302,355.6632385,54.18326187,26.25772095
393.7440491,231.2290192,227.3779755,226.9523926,228.73526,400.198822,333.1383972,359.8414307,54.28091812,26.23101807
390.2559692,232.8766876,228.3532623,225.8995026,228.85466,396.4670044,328.8075439,355.1789673,54.28702164,26.22514343
391.6178763,232.75223,228.0991799,226.2223489,228.8333326,396.6899327,329.8654436,356.6017282,54.25911985,26.21842957
392.2143555,232.2733612,227.743576,226.334198,228.7050629,398.4456177,331.7217407,358.4294128,54.24887466,26.24436951
391.9065247,232.0952301,227.6753693,226.5602264,228.7816315,398.9352722,332.2571411,358.025238,54.27176285,26.23101807
390.8236694,233.5306702,228.3690948,226.5951843,228.7863159,394.9732361,328.1117859,355.8085632,54.27176285,26.23101807
391.6289063,232.672821,227.9758911,226.1409302,228.8243103,397.6488037,329.625946,357.0960693,54.33127213,26.24436951
391.5460815,232.3681335,227.6946564,226.3378296,228.6763916,396.3493347,330.4425354,357.0658569,54.30228043,26.2016449
390.0710449,233.3535614,228.3415527,225.58992,228.6055908,395.4054565,328.1940918,354.3553772,54.3038063,26.21499634
390.5513611,233.21138,228.2279358,226.4550171,228.7561188,393.9440613,326.9258423,355.115387,54.32516861,26.2016449
392.348175,232.3520355,227.842041,226.0232544,228.8998566,396.935791,331.1711731,358.9508057,54.40756607,26.2016449
389.2033997,233.7088318,228.4930725,226.0086365,228.7842407,395.6201477,328.4988098,354.983551,54.27023697,26.21499634
391.0273514,232.9810219,228.253849,226.174305,228.601059,394.5871506,328.9189835,356.156517,54.33928299,26.22367477
391.851593,232.7665787,228.0745773,226.1873245,228.7238388,396.1266174,329.8665009,356.848175,54.34881973,26.20832062
392.286499,232.5589813,227.9587799,225.8378143,228.7042145,395.9550415,330.0862183,357.5141602,54.31418228,26.20431519
389.9960938,233.0702362,228.125351,225.636261,228.8842163,393.9289551,328.2164917,355.0585327,54.27176285,26.23101807
392.5101318,231.922821,227.6649475,225.5508423,228.8956757,398.6263733,332.0664978,358.4252625,54.29007339,26.2016449
389.7398071,233.0645142,228.1826477,225.8946075,228.8290405,394.9690552,328.8675537,354.8971252,54.25802994,26.21499634
393.1747131,232.1634369,227.6534882,226.1430664,228.5592499,397.2311096,330.4451904,358.366394,54.24429703,26.2016449
392.402832,231.6753998,227.4686432,226.2310638,228.6884003,398.5587463,332.5827332,359.2430115,54.24429703,26.21499634
393.1560059,231.8608398,227.6914978,226.2962036,228.8800812,398.7378845,331.1238098,358.6090698,54.21225357,26.23101807
392.0777649,232.1499969,227.8025543,226.4724823,228.7415283,398.4968811,331.0373596,357.9464905,54.25894547,26.20751953
391.1994934,232.6236191,227.9665222,226.0407028,228.6852722,396.6032257,329.5391541,356.4369965,54.28091812,26.21633148
391.4791321,232.9888794,228.0900604,225.5576172,228.6915405,395.2929443,328.0034485,356.1074341,54.24795914,26.23582458
